id;content;ciphertext;timestamp
1;retract till ew;../fake-data/blob/hipster.txt;2025-11-26T06:37:02
2;hierarchy hunger;../fake-data/blob/hipster.txt;2025-11-26T00:27:54
3;brr ugh lest;../fake-data/blob/hipster.txt;2025-11-26T16:37:35
4;insecure scowl;../fake-data/blob/hipster.txt;2025-11-26T05:29:49
5;blah amnesty;../fake-data/blob/hipster.txt;2025-11-25T23:14:49
6;eke;../fake-data/blob/hipster.txt;2025-11-26T02:31:06
7;tall although;../fake-data/blob/hipster.txt;2025-11-26T07:54:41
8;brightly;../fake-data/blob/hipster.txt;2025-11-26T14:08:50
9;consequently;../fake-data/blob/hipster.txt;2025-11-26T15:03:33
10;unlike ew unnecessarily;../fake-data/blob/hipster.txt;2025-11-25T23:41:09
